<metadata xml:lang="en"><dataIdInfo><idPurp>The Florida Statutes mandate that voter precincts are to be based upon 2010 Census blocks.</idPurp><idAbs>&lt;DIV STYLE="text-align:Left;"&gt;&lt;DIV&gt;&lt;DIV&gt;&lt;P&gt;&lt;SPAN&gt;39 voter precincts have been created by merging 2010 Census Blocks. (5,613)&lt;/SPAN&gt;&lt;/P&gt;&lt;/DIV&gt;&lt;/DIV&gt;&lt;/DIV&gt;</idAbs><idCitation><resTitle>Census Voting Precincts</resTitle><presForm><PresFormCd value="005"/></presForm></idCitation><searchKeys><keyword>Census; Voting Precincts;</keyword></searchKeys><resMaint><maintFreq><MaintFreqCd value="009"/></maintFreq></resMaint><dataChar><CharSetCd value="004"/></dataChar><envirDesc>Microsoft Windows 7 Version 6.1 (Build 7601) Service Pack 1; ESRI ArcGIS 10.0.4.4000</envirDesc><dataLang><languageCode value="eng"/><countryCode value="USA"/></dataLang><spatRpType><SpatRepTypCd value="001"/></spatRpType><dataExt><geoEle><GeoBndBox esriExtentType="native"><westBL>-82.778437</westBL><eastBL>-82.054469</eastBL><northBL>28.694908</northBL><southBL>28.43329</southBL><exTypeCode>1</exTypeCode></GeoBndBox></geoEle></dataExt><geoBox esriExtentType="decdegrees"><westBL>-82.778437</westBL><eastBL>-82.054469</eastBL><northBL>28.694908</northBL><southBL>28.43329</southBL><exTypeCode>1</exTypeCode></geoBox></dataIdInfo><mdLang><languageCode value="eng"/><countryCode value="USA"/></mdLang><mdChar><CharSetCd value="004"/></mdChar><mdDateSt>20120611</mdDateSt><mdContact><rpIndName>Dave Miles</rpIndName><rpOrgName>Hernando County Planning Department</rpOrgName><rpPosName>Planner</rpPosName><role><RoleCd value="007"/></role></mdContact><mdContact><rpIndName>Elizabeth Townsend</rpIndName><rpOrgName>Hernando County Supervisor of Elections</rpOrgName><rpPosName>Director of Operations</rpPosName><role><RoleCd value="007"/></role></mdContact><idinfo><native>Microsoft Windows XP Version 5.1 (Build 2600) Service Pack 3; ESRI ArcCatalog 9.3.1.4000</native><descript><abstract>REQUIRED: A brief narrative summary of the data set.</abstract><purpose>REQUIRED: A summary of the intentions with which the data set was developed.</purpose></descript><citation><citeinfo><origin>REQUIRED: The name of an organization or individual that developed the data set.</origin><pubdate>REQUIRED: The date when the data set is published or otherwise made available for release.</pubdate><title>GIS_CensusVotingPrecncts</title><geoform>vector digital data</geoform><onlink>\\chistery\enterprisegis\Share\Library Updates\D.Miles\Completed in LIB\GIS_CensusVotingPrecncts.shp</onlink></citeinfo></citation><timeperd><current>REQUIRED: The basis on which the time period of content information is determined.</current><timeinfo><sngdate><caldate>REQUIRED: The year (and optionally month, or month and day) for which the data set corresponds to the ground.</caldate></sngdate></timeinfo></timeperd><status><progress>REQUIRED: The state of the data set.</progress><update>REQUIRED: The frequency with which changes and additions are made to the data set after the initial data set is completed.</update></status><spdom><bounding><westbc>-82.778437</westbc><eastbc>-82.054469</eastbc><northbc>28.694908</northbc><southbc>28.433290</southbc></bounding></spdom><keywords/><accconst>REQUIRED: Restrictions and legal prerequisites for accessing the data set.</accconst><useconst>REQUIRED: Restrictions and legal prerequisites for using the data set after access is granted.</useconst></idinfo><metainfo><metstdn>FGDC Content Standards for Digital Geospatial Metadata</metstdn><metstdv>FGDC-STD-001-1998</metstdv><mettc>local time</mettc><metc><cntinfo><cntorgp><cntper>REQUIRED: The person responsible for the metadata information.</cntper><cntorg>REQUIRED: The organization responsible for the metadata information.</cntorg></cntorgp><cntaddr><addrtype>REQUIRED: The mailing and/or physical address for the organization or individual.</addrtype><city>REQUIRED: The city of the address.</city><state>REQUIRED: The state or province of the address.</state><postal>REQUIRED: The ZIP or other postal code of the address.</postal></cntaddr><cntvoice>REQUIRED: The telephone number by which individuals can speak to the organization or individual.</cntvoice></cntinfo></metc><metd>20120612</metd></metainfo><mdStanName>ISO 19115 Geographic Information - Metadata</mdStanName><mdStanVer>DIS_ESRI1.0</mdStanVer><mdHrLv><ScopeCd value="005"/></mdHrLv><mdHrLvName>dataset</mdHrLvName><distinfo><resdesc>Downloadable Data</resdesc><stdorder><digform><digtinfo><transize>0.186</transize></digtinfo></digform></stdorder></distinfo><distInfo><distributor><distorTran><onLineSrc><orDesc>002</orDesc><linkage>file://\\chistery\enterprisegis\Share\Library Updates\D.Miles\Completed in LIB\GIS_CensusVotingPrecncts.shp</linkage><protocol>Local Area Network</protocol></onLineSrc><transSize>0.186</transSize></distorTran><distorFormat><formatName>Shapefile</formatName></distorFormat></distributor><distFormat><formatName>SDE Feature Class</formatName></distFormat></distInfo><spdoinfo><direct>Vector</direct><ptvctinf><sdtsterm><sdtstype>G-polygon</sdtstype><ptvctcnt>0</ptvctcnt></sdtsterm></ptvctinf></spdoinfo><spref><horizsys><geograph><geogunit>Decimal degrees</geogunit><latres>0.000000</latres><longres>0.000000</longres></geograph><geodetic><horizdn>North American Datum of 1983</horizdn><ellips>Geodetic Reference System 80</ellips><semiaxis>6378137.000000</semiaxis><denflat>298.257222</denflat></geodetic></horizsys></spref><refSysInfo><RefSystem><refSysID><identCode value="4269">GCS_North_American_1983</identCode><idCodeSpace>EPSG</idCodeSpace><idVersion>7.4.1</idVersion></refSysID></RefSystem></refSysInfo><spatRepInfo><VectSpatRep><geometObjs><geoObjTyp><GeoObjTypCd value="002"/></geoObjTyp><geoObjCnt>0</geoObjCnt></geometObjs><topLvl><TopoLevCd value="001"/></topLvl></VectSpatRep></spatRepInfo><eainfo><detailed><enttyp><enttypl>GIS.Voting_CensusPrecncts</enttypl></enttyp><attr><attrlabl>FID</attrlabl><attrdef>Internal feature number.</attrdef><attrdefs>ESRI</attrdefs><attrdomv><udom>Sequential unique whole numbers that are automatically generated.</udom></attrdomv></attr><attr><attrlabl>Shape</attrlabl><attrdef>Feature geometry.</attrdef><attrdefs>ESRI</attrdefs><attrdomv><udom>Coordinates defining the features.</udom></attrdomv></attr><attr><attrlabl>Precinct</attrlabl></attr><attr><attrlabl>SHAPE_AREA</attrlabl><attrdef>Area of feature in internal units squared.</attrdef><attrdefs>ESRI</attrdefs><attrdomv><udom>Positive real numbers that are automatically generated.</udom></attrdomv></attr><attr><attrlabl>SHAPE_LEN</attrlabl></attr></detailed></eainfo></metadata>
