<metadata xml:lang="en"><idinfo><keywords><theme><themekt>ISO 19115 Topic Category</themekt><themekey>location</themekey></theme></keywords><citation><citeinfo><origin>Hernando County Property Appraiser GIS</origin><title>Hernando Voter Polling Locations</title><pubinfo><publish>Hernando County Property Appraiser GIS</publish><pubplace>Brooksville, FL</pubplace></pubinfo><pubdate>2010</pubdate><onlink>Service=sde:oracle11g; Database=gislib; User=gis; Version=SDE.DEFAULT</onlink><geoform>vector digital data</geoform></citeinfo></citation><descript><abstract>This data and the locations were provided to the Central GIS 11/17/11.  This represents the voting locations throughout Hernando County.</abstract><purpose>This represents the voting locations throughout Hernando County.</purpose></descript><timeperd><current>publication date</current><timeinfo><sngdate><caldate>20120224</caldate></sngdate></timeinfo></timeperd><status><progress>Assumed Complete</progress><update>As needed</update></status><spdom><bounding><westbc>-138.21454852</westbc><eastbc>-12.68151645</eastbc><northbc>61.7110157</northbc><southbc>6.65223303</southbc></bounding></spdom><accconst>None.</accconst><useconst>None. Please check sources, scale, accuracy, currentness and other available information. Please confirm that you are using the most recent copy of both data and metadata.  Acknowledgement of the Central GIS would be appreciated.</useconst><secinfo><secsys>FIPS Pub 199</secsys><secclass>No Confidentiality</secclass><sechandl>Standard Technical Controls</sechandl></secinfo><ptcontac><cntinfo><cntorgp><cntorg>Hernando County Property Appraiser GIS</cntorg><cntper>Jim Johnson</cntper></cntorgp><cntpos>GIS Specialist</cntpos><cntaddr><addrtype>mailing and physical address</addrtype><address>20 N Main St, Room 463</address><city>Brooksville</city><state>FL</state><postal>34601</postal></cntaddr><cntvoice>(352)754-4190</cntvoice><cntfax>(352)754-4198</cntfax><cntemail>jjohnson@hernandocounty.us</cntemail><cntinst>http://www.hernandocounty.us/pa/</cntinst></cntinfo></ptcontac><native>Microsoft Windows XP Version 5.1 (Build 2600) Service Pack 3; ESRI ArcCatalog 9.3.1.4000</native></idinfo><dataqual><complete>Acurate as of published date</complete><lineage><procstep><procdesc>Dataset copied.</procdesc><srcused>\\tsclient\M\APO SHAPES DUMP\Voting Locations 022412.gdb</srcused><procdate>20120224</procdate><proctime>15210800</proctime></procstep><procstep><procdesc>Dataset copied.</procdesc><srcused>Service=sde:oracle11g; User=gislibuser; Version=SDE.DEFAULT</srcused><procdate>20120315</procdate><proctime>11060600</proctime></procstep><procstep><procdesc>Dataset copied.</procdesc><srcused>\\PC4379\M$\APO SHAPES DUMP\Storage of Layers 5.gdb</srcused><procdate>20120315</procdate><proctime>11192600</proctime></procstep></lineage></dataqual><spref><horizsys><planar><planci><plance>coordinate pair</plance><coordrep><absres>0.00001</absres><ordres>0.00001</ordres></coordrep><plandu>feet</plandu></planci><mapproj><mapprojn>Transverse Mercator</mapprojn><transmer><sfctrmer>0.999941</sfctrmer><longcm>-82.000000</longcm><latprjo>24.333333</latprjo><feast>656166.666667</feast><fnorth>0.000000</fnorth></transmer></mapproj></planar><geodetic><horizdn>North American Datum of 1983</horizdn><ellips>Geodetic Reference System 1980</ellips><semiaxis>6378137.000000</semiaxis><denflat>298.257222</denflat></geodetic></horizsys><vertdef><altsys><altenc>Explicit elevation coordinate included with horizontal coordinates</altenc><altres>1.000000</altres></altsys></vertdef></spref><distinfo><resdesc>Live Data and Maps</resdesc><distliab>Although these data have been processed successfully by the Hernando County Property Appraiser GIS, or by the Central GIS community,no warranty expressed or implied is made regarding the accuracy or utility of the data on any other system or for general or scientific purposes, nor shall the act of distribution constitute any such warranty. It is also strongly recommended that careful attention be paid to the contents of the metadata file associated with these data to evaluate data set limitations, restrictions or intended use. The Hernando County GIS Department shall not be held liable for improper or incorrect use of the data described and/or contained herein.</distliab><distrib><cntinfo><cntorgp><cntorg>Hernando County Property Appraiser GIS</cntorg><cntper>Jim Johnson</cntper></cntorgp><cntpos>GIS Specialist</cntpos><cntaddr><addrtype>mailing and physical address</addrtype><address>20 N Main St, Room 463</address><city>Brooksville</city><state>FL</state><postal>34601</postal></cntaddr><cntvoice>(352)754-4190</cntvoice><cntfax>(352)754-4198</cntfax><cntemail>jjohnson@hernandocounty.us</cntemail><cntinst>http://www.hernandocounty.us/pa/</cntinst></cntinfo></distrib><stdorder><digform><digtinfo><transize>0.010</transize></digtinfo></digform></stdorder></distinfo><metainfo><metd>20120224</metd><metfrd>20160224</metfrd><metstdn>FGDC Content Standard for Digital Geospatial Metadata</metstdn><metstdv>FGDC-STD-001-1998</metstdv><metc><cntinfo><cntorgp><cntorg>Hernando County Property Appraiser GIS</cntorg><cntper>Jim Johnson</cntper></cntorgp><cntpos>GIS Specialist</cntpos><cntaddr><addrtype>mailing and physical address</addrtype><address>20 N Main St, Room 463</address><city>Brooksville</city><state>FL</state><postal>34601</postal></cntaddr><cntvoice>(352)754-4190</cntvoice><cntfax>(352)754-4198</cntfax><cntemail>jjohnson@hernandocounty.us</cntemail><cntinst>http://www.hernandocounty.us/pa/</cntinst></cntinfo></metc><mettc>local time</mettc></metainfo><mdDateSt>20120224</mdDateSt><distInfo><distributor><distorTran><onLineSrc><linkage>file://Service=sde:oracle11g; Database=gislib; User=gis; Version=SDE.DEFAULT</linkage><protocol>Local Area Network</protocol><orDesc>002</orDesc></onLineSrc><transSize>0.000</transSize></distorTran><distorFormat><formatName>SDE Feature Class</formatName></distorFormat></distributor></distInfo><dataIdInfo><envirDesc>Microsoft Windows XP Version 5.1 (Build 2600) Service Pack 3; ESRI ArcCatalog 9.3.1.4000</envirDesc><dataLang><languageCode value="en"/></dataLang><idCitation><resTitle>GIS.VotingLocations</resTitle><presForm><PresFormCd value="005"/></presForm></idCitation><spatRpType><SpatRepTypCd value="001"/></spatRpType><dataExt><geoEle><GeoBndBox esriExtentType="native"><westBL>447569.56287</westBL><eastBL>598605.138751</eastBL><northBL>1572628.440739</northBL><southBL>1491349.047196</southBL><exTypeCode>1</exTypeCode></GeoBndBox></geoEle></dataExt><geoBox esriExtentType="decdegrees"><westBL>-82.65042</westBL><eastBL>-82.179107</eastBL><northBL>28.659782</northBL><southBL>28.434806</southBL><exTypeCode>1</exTypeCode></geoBox><idPurp>Polling Places for Hernando County Voters</idPurp><searchKeys><keyword>Voting</keyword></searchKeys><dataChar><CharSetCd value="004"/></dataChar><suppInfo>There are no longer voting locations where two different precincts vote.  The total number of locations is 39.  On May 22, 2012, Elizabeth Townsend &amp; David Miles updated the polling locations for Precincts 31 &amp; 44.  As to numbering, in order to minimize confusion to voters, old precinct numbers were retained wherever possible.</suppInfo><idAbs>&lt;DIV STYLE="text-align:Left;"&gt;&lt;DIV&gt;&lt;DIV&gt;&lt;P&gt;&lt;SPAN&gt;With a goal of trying to save taxpayer dollars, there are now 39 precincts instead of 57. There are no longer any instances of two precincts voting in a single location.&lt;/SPAN&gt;&lt;/P&gt;&lt;/DIV&gt;&lt;/DIV&gt;&lt;/DIV&gt;</idAbs><idPoC><rpIndName>Elizabeth Townsend</rpIndName><rpOrgName>Supervisor of Elections Office</rpOrgName><role><RoleCd value="007"/></role></idPoC><tpCat><TopicCatCd value="013"/></tpCat><tpCat><TopicCatCd value="016"/></tpCat></dataIdInfo><mdLang><languageCode value="en"/></mdLang><mdStanName>ISO 19115 Geographic Information - Metadata</mdStanName><mdStanVer>DIS_ESRI1.0</mdStanVer><mdChar><CharSetCd value="004"/></mdChar><mdHrLv><ScopeCd value="005"/></mdHrLv><mdHrLvName>dataset</mdHrLvName><spdoinfo><direct>Vector</direct><ptvctinf><sdtsterm><sdtstype>Entity point</sdtstype><ptvctcnt>39</ptvctcnt></sdtsterm></ptvctinf></spdoinfo><refSysInfo><RefSystem><refSysID><identCode>NAD_1983_StatePlane_Florida_West_FIPS_0902_Feet</identCode></refSysID></RefSystem></refSysInfo><spatRepInfo><VectSpatRep><topLvl><TopoLevCd value="001"/></topLvl><geometObjs><geoObjTyp><GeoObjTypCd value="004"/></geoObjTyp><geoObjCnt>39</geoObjCnt></geometObjs></VectSpatRep></spatRepInfo><eainfo><detailed><enttyp><enttypl>GIS.VotingLocations</enttypl></enttyp><attr><attrlabl>FID</attrlabl><attrdef>Internal feature number.</attrdef><attrdefs>ESRI</attrdefs><attrdomv><udom>Sequential unique whole numbers that are automatically generated.</udom></attrdomv></attr><attr><attrlabl>OBJECTID</attrlabl><attrdef>Internal feature number.</attrdef><attrdefs>ESRI</attrdefs><attrdomv><udom>Sequential unique whole numbers that are automatically generated.</udom></attrdomv></attr><attr><attrlabl>POLLPLACE</attrlabl></attr><attr><attrlabl>ADDRESS</attrlabl></attr><attr><attrlabl>CITY</attrlabl></attr><attr><attrlabl>ZIPCODE</attrlabl></attr><attr><attrlabl>KEY_NUMBER</attrlabl></attr><attr><attrlabl>POLLING</attrlabl></attr><attr><attrlabl>SHAPE</attrlabl><attrdef>Feature geometry.</attrdef><attrdefs>ESRI</attrdefs><attrdomv><udom>Coordinates defining the features.</udom></attrdomv></attr></detailed></eainfo><mdMaint><maintFreq><MaintFreqCd value="009"/></maintFreq></mdMaint></metadata>
