<metadata xml:lang="en"><Esri><CreaDate>20160129</CreaDate><CreaTime>15160600</CreaTime><ArcGISFormat>1.0</ArcGISFormat><SyncOnce>FALSE</SyncOnce><DataProperties><lineage><Process ToolSource="c:\program files (x86)\arcgis\desktop10.2\ArcToolbox\Toolboxes\Data Management Tools.tbx\CalculateField" Date="20140423" Time="163003">CalculateField HIG_20140414_6906_Census_Blocks CombndPCT 21 VB #</Process><Process ToolSource="c:\program files (x86)\arcgis\desktop10.2\ArcToolbox\Toolboxes\Data Management Tools.tbx\CalculateField" Date="20140423" Time="163142">CalculateField HIG_20140414_6906_Census_Blocks CombndPCT 21 VB #</Process><Process ToolSource="c:\program files (x86)\arcgis\desktop10.2\ArcToolbox\Toolboxes\Data Management Tools.tbx\CalculateField" Date="20140423" Time="165235">CalculateField HIG_20140414_6906_Census_Blocks CombndPCT 21 VB #</Process><Process ToolSource="c:\program files (x86)\arcgis\desktop10.2\ArcToolbox\Toolboxes\Data Management Tools.tbx\CalculateField" Date="20140424" Time="170138">CalculateField HIG_20140414_6906_Census_Blocks CombndPCT 2 VB #</Process><Process ToolSource="c:\program files (x86)\arcgis\desktop10.2\ArcToolbox\Toolboxes\Conversion Tools.tbx\FeatureClassToFeatureClass" Date="20160129" Time="154639">FeatureClassToFeatureClass "K:\BOB\2016 Election Office\hig_2016_censusblocks.shp" "G:\GIS\GIS Data\SOE\CensusBlocks2016.gdb" high2016CensusBlocks # "FID_tl_201 "FID_tl_201" true true false 9 Long 0 9 ,First,#,K:\BOB\2016 Election Office\hig_2016_censusblocks.shp,FID_tl_201,-1,-1;STATEFP10 "STATEFP10" true true false 2 Text 0 0 ,First,#,K:\BOB\2016 Election Office\hig_2016_censusblocks.shp,STATEFP10,-1,-1;COUNTYFP10 "COUNTYFP10" true true false 3 Text 0 0 ,First,#,K:\BOB\2016 Election Office\hig_2016_censusblocks.shp,COUNTYFP10,-1,-1;TRACTCE10 "TRACTCE10" true true false 6 Text 0 0 ,First,#,K:\BOB\2016 Election Office\hig_2016_censusblocks.shp,TRACTCE10,-1,-1;BLOCKCE10 "BLOCKCE10" true true false 4 Text 0 0 ,First,#,K:\BOB\2016 Election Office\hig_2016_censusblocks.shp,BLOCKCE10,-1,-1;GEOID10 "GEOID10" true true false 15 Text 0 0 ,First,#,K:\BOB\2016 Election Office\hig_2016_censusblocks.shp,GEOID10,-1,-1;NAME10 "NAME10" true true false 10 Text 0 0 ,First,#,K:\BOB\2016 Election Office\hig_2016_censusblocks.shp,NAME10,-1,-1;MTFCC10 "MTFCC10" true true false 5 Text 0 0 ,First,#,K:\BOB\2016 Election Office\hig_2016_censusblocks.shp,MTFCC10,-1,-1;UR10 "UR10" true true false 1 Text 0 0 ,First,#,K:\BOB\2016 Election Office\hig_2016_censusblocks.shp,UR10,-1,-1;UACE10 "UACE10" true true false 5 Text 0 0 ,First,#,K:\BOB\2016 Election Office\hig_2016_censusblocks.shp,UACE10,-1,-1;FUNCSTAT10 "FUNCSTAT10" true true false 1 Text 0 0 ,First,#,K:\BOB\2016 Election Office\hig_2016_censusblocks.shp,FUNCSTAT10,-1,-1;ALAND10 "ALAND10" true true false 14 Double 0 14 ,First,#,K:\BOB\2016 Election Office\hig_2016_censusblocks.shp,ALAND10,-1,-1;AWATER10 "AWATER10" true true false 14 Double 0 14 ,First,#,K:\BOB\2016 Election Office\hig_2016_censusblocks.shp,AWATER10,-1,-1;INTPTLAT10 "INTPTLAT10" true true false 11 Text 0 0 ,First,#,K:\BOB\2016 Election Office\hig_2016_censusblocks.shp,INTPTLAT10,-1,-1;INTPTLON10 "INTPTLON10" true true false 12 Text 0 0 ,First,#,K:\BOB\2016 Election Office\hig_2016_censusblocks.shp,INTPTLON10,-1,-1;FID_tl_202 "FID_tl_202" true true false 9 Long 0 9 ,First,#,K:\BOB\2016 Election Office\hig_2016_censusblocks.shp,FID_tl_202,-1,-1;STATEFP1_1 "STATEFP1_1" true true false 2 Text 0 0 ,First,#,K:\BOB\2016 Election Office\hig_2016_censusblocks.shp,STATEFP1_1,-1,-1;COUNTYFP_1 "COUNTYFP_1" true true false 3 Text 0 0 ,First,#,K:\BOB\2016 Election Office\hig_2016_censusblocks.shp,COUNTYFP_1,-1,-1;VTDST10 "VTDST10" true true false 6 Text 0 0 ,First,#,K:\BOB\2016 Election Office\hig_2016_censusblocks.shp,VTDST10,-1,-1;GEOID10_1 "GEOID10_1" true true false 11 Text 0 0 ,First,#,K:\BOB\2016 Election Office\hig_2016_censusblocks.shp,GEOID10_1,-1,-1;VTDI10 "VTDI10" true true false 1 Text 0 0 ,First,#,K:\BOB\2016 Election Office\hig_2016_censusblocks.shp,VTDI10,-1,-1;NAME10_1 "NAME10_1" true true false 100 Text 0 0 ,First,#,K:\BOB\2016 Election Office\hig_2016_censusblocks.shp,NAME10_1,-1,-1;NAMELSAD10 "NAMELSAD10" true true false 100 Text 0 0 ,First,#,K:\BOB\2016 Election Office\hig_2016_censusblocks.shp,NAMELSAD10,-1,-1;LSAD10 "LSAD10" true true false 2 Text 0 0 ,First,#,K:\BOB\2016 Election Office\hig_2016_censusblocks.shp,LSAD10,-1,-1;MTFCC10_1 "MTFCC10_1" true true false 5 Text 0 0 ,First,#,K:\BOB\2016 Election Office\hig_2016_censusblocks.shp,MTFCC10_1,-1,-1;FUNCSTAT_1 "FUNCSTAT_1" true true false 1 Text 0 0 ,First,#,K:\BOB\2016 Election Office\hig_2016_censusblocks.shp,FUNCSTAT_1,-1,-1;ALAND10_1 "ALAND10_1" true true false 14 Double 0 14 ,First,#,K:\BOB\2016 Election Office\hig_2016_censusblocks.shp,ALAND10_1,-1,-1;AWATER10_1 "AWATER10_1" true true false 14 Double 0 14 ,First,#,K:\BOB\2016 Election Office\hig_2016_censusblocks.shp,AWATER10_1,-1,-1;INTPTLAT_1 "INTPTLAT_1" true true false 11 Text 0 0 ,First,#,K:\BOB\2016 Election Office\hig_2016_censusblocks.shp,INTPTLAT_1,-1,-1;INTPTLON_1 "INTPTLON_1" true true false 12 Text 0 0 ,First,#,K:\BOB\2016 Election Office\hig_2016_censusblocks.shp,INTPTLON_1,-1,-1;CombndPCT "CombndPCT" true true false 100 Text 0 0 ,First,#,K:\BOB\2016 Election Office\hig_2016_censusblocks.shp,CombndPCT,-1,-1" #</Process><Process ToolSource="c:\program files (x86)\arcgis\desktop10.3\ArcToolbox\Toolboxes\Data Management Tools.tbx\CalculateField" Date="20160603" Time="125617">CalculateField high2016CensusBlocks CombndPCT "17" VB #</Process></lineage><itemProps><itemLocation><linkage Sync="TRUE">file://\\HCGIS\gisdata\BOB\2016 Election Office\St_Requested_Data_2016\HIG20160801_PctMap.shp</linkage><protocol Sync="TRUE">Local Area Network</protocol></itemLocation><itemName Sync="TRUE">HIG20160801_PctMap</itemName><imsContentType Sync="TRUE">002</imsContentType><itemSize Sync="TRUE">0.000</itemSize></itemProps><copyHistory><copy source="K:\BOB\2014 Election Office\Census Blocks\hig_20140603_6931" dest="\\172.28.5.153\gisdata\BOB\2015 Election Office\Census Blocks\hig_20140603_6931" date="20150113" time="09341800"></copy></copyHistory><coordRef><type Sync="TRUE">Geographic</type><geogcsn Sync="TRUE">GCS_North_American_1983</geogcsn><csUnits Sync="TRUE">Angular Unit: Degree (0.017453)</csUnits><peXml Sync="TRUE">&lt;GeographicCoordinateSystem xsi:type='typens:GeographicCoordinateSystem' xmlns:xsi='http://www.w3.org/2001/XMLSchema-instance' xmlns:xs='http://www.w3.org/2001/XMLSchema' xmlns:typens='http://www.esri.com/schemas/ArcGIS/10.3'&gt;&lt;WKT&gt;GEOGCS[&amp;quot;GCS_North_American_1983&amp;quot;,DATUM[&amp;quot;D_North_American_1983&amp;quot;,SPHEROID[&amp;quot;GRS_1980&amp;quot;,6378137.0,298.257222101]],PRIMEM[&amp;quot;Greenwich&amp;quot;,0.0],UNIT[&amp;quot;Degree&amp;quot;,0.0174532925199433],AUTHORITY[&amp;quot;EPSG&amp;quot;,4269]]&lt;/WKT&gt;&lt;XOrigin&gt;-400&lt;/XOrigin&gt;&lt;YOrigin&gt;-400&lt;/YOrigin&gt;&lt;XYScale&gt;11258999068426.238&lt;/XYScale&gt;&lt;ZOrigin&gt;-100000&lt;/ZOrigin&gt;&lt;ZScale&gt;10000&lt;/ZScale&gt;&lt;MOrigin&gt;-100000&lt;/MOrigin&gt;&lt;MScale&gt;10000&lt;/MScale&gt;&lt;XYTolerance&gt;8.9831528411952133e-009&lt;/XYTolerance&gt;&lt;ZTolerance&gt;0.001&lt;/ZTolerance&gt;&lt;MTolerance&gt;0.001&lt;/MTolerance&gt;&lt;HighPrecision&gt;true&lt;/HighPrecision&gt;&lt;LeftLongitude&gt;-180&lt;/LeftLongitude&gt;&lt;WKID&gt;4269&lt;/WKID&gt;&lt;LatestWKID&gt;4269&lt;/LatestWKID&gt;&lt;/GeographicCoordinateSystem&gt;</peXml></coordRef></DataProperties><SyncDate>20160810</SyncDate><SyncTime>16104500</SyncTime><ModDate>20160810</ModDate><ModTime>16104500</ModTime></Esri><dataIdInfo><envirDesc Sync="TRUE"> Version 6.2 (Build 9200) ; Esri ArcGIS 10.3.1.4959</envirDesc><dataLang><languageCode value="eng" Sync="TRUE"></languageCode><countryCode value="USA" Sync="TRUE"></countryCode></dataLang><idCitation><resTitle Sync="TRUE">HIG20160801_PctMap</resTitle><presForm><PresFormCd value="005" Sync="TRUE"></PresFormCd></presForm></idCitation><spatRpType><SpatRepTypCd value="001" Sync="TRUE"></SpatRepTypCd></spatRpType></dataIdInfo><mdLang><languageCode value="eng" Sync="TRUE"></languageCode><countryCode value="USA" Sync="TRUE"></countryCode></mdLang><distInfo><distFormat><formatName Sync="TRUE">Shapefile</formatName></distFormat><distTranOps><transSize Sync="TRUE">0.000</transSize></distTranOps></distInfo><mdHrLv><ScopeCd value="005" Sync="TRUE"></ScopeCd></mdHrLv><mdHrLvName Sync="TRUE">dataset</mdHrLvName><refSysInfo><RefSystem><refSysID><identCode code="4269" Sync="TRUE"></identCode><idCodeSpace Sync="TRUE">EPSG</idCodeSpace><idVersion Sync="TRUE">8.6.2</idVersion></refSysID></RefSystem></refSysInfo><spatRepInfo><VectSpatRep><geometObjs Name="HIG20160801_PctMap"><geoObjTyp><GeoObjTypCd value="002" Sync="TRUE"></GeoObjTypCd></geoObjTyp><geoObjCnt Sync="TRUE">0</geoObjCnt></geometObjs><topLvl><TopoLevCd value="001" Sync="TRUE"></TopoLevCd></topLvl></VectSpatRep></spatRepInfo><spdoinfo><ptvctinf><esriterm Name="HIG20160801_PctMap"><efeatyp Sync="TRUE">Simple</efeatyp><efeageom code="4" Sync="TRUE"></efeageom><esritopo Sync="TRUE">FALSE</esritopo><efeacnt Sync="TRUE">0</efeacnt><spindex Sync="TRUE">FALSE</spindex><linrefer Sync="TRUE">FALSE</linrefer></esriterm></ptvctinf></spdoinfo><eainfo><detailed Name="HIG20160801_PctMap"><enttyp><enttypl Sync="TRUE">HIG20160801_PctMap</enttypl><enttypt Sync="TRUE">Feature Class</enttypt><enttypc Sync="TRUE">0</enttypc></enttyp><attr><attrlabl Sync="TRUE">FID</attrlabl><attalias Sync="TRUE">FID</attalias><attrtype Sync="TRUE">OID</attrtype><attwidth Sync="TRUE">4</attwidth><atprecis Sync="TRUE">0</atprecis><attscale Sync="TRUE">0</attscale><attrdef Sync="TRUE">Internal feature number.</attrdef><attrdefs Sync="TRUE">Esri</attrdefs><attrdomv><udom Sync="TRUE">Sequential unique whole numbers that are automatically generated.</udom></attrdomv></attr><attr><attrlabl Sync="TRUE">Shape</attrlabl><attalias Sync="TRUE">Shape</attalias><attrtype Sync="TRUE">Geometry</attrtype><attwidth Sync="TRUE">0</attwidth><atprecis Sync="TRUE">0</atprecis><attscale Sync="TRUE">0</attscale><attrdef Sync="TRUE">Feature geometry.</attrdef><attrdefs Sync="TRUE">Esri</attrdefs><attrdomv><udom Sync="TRUE">Coordinates defining the features.</udom></attrdomv></attr><attr><attrlabl Sync="TRUE">FID_tl_201</attrlabl><attalias Sync="TRUE">FID_tl_201</attalias><attrtype Sync="TRUE">Integer</attrtype><attwidth Sync="TRUE">10</attwidth><atprecis Sync="TRUE">10</atprecis><attscale Sync="TRUE">0</attscale></attr><attr><attrlabl Sync="TRUE">STATEFP10</attrlabl><attalias Sync="TRUE">STATEFP10</attalias><attrtype Sync="TRUE">String</attrtype><attwidth Sync="TRUE">2</attwidth><atprecis Sync="TRUE">0</atprecis><attscale Sync="TRUE">0</attscale></attr><attr><attrlabl Sync="TRUE">COUNTYFP10</attrlabl><attalias Sync="TRUE">COUNTYFP10</attalias><attrtype Sync="TRUE">String</attrtype><attwidth Sync="TRUE">3</attwidth><atprecis Sync="TRUE">0</atprecis><attscale Sync="TRUE">0</attscale></attr><attr><attrlabl Sync="TRUE">TRACTCE10</attrlabl><attalias Sync="TRUE">TRACTCE10</attalias><attrtype Sync="TRUE">String</attrtype><attwidth Sync="TRUE">6</attwidth><atprecis Sync="TRUE">0</atprecis><attscale Sync="TRUE">0</attscale></attr><attr><attrlabl Sync="TRUE">BLOCKCE10</attrlabl><attalias Sync="TRUE">BLOCKCE10</attalias><attrtype Sync="TRUE">String</attrtype><attwidth Sync="TRUE">4</attwidth><atprecis Sync="TRUE">0</atprecis><attscale Sync="TRUE">0</attscale></attr><attr><attrlabl Sync="TRUE">GEOID10</attrlabl><attalias Sync="TRUE">GEOID10</attalias><attrtype Sync="TRUE">String</attrtype><attwidth Sync="TRUE">15</attwidth><atprecis Sync="TRUE">0</atprecis><attscale Sync="TRUE">0</attscale></attr><attr><attrlabl Sync="TRUE">NAME10</attrlabl><attalias Sync="TRUE">NAME10</attalias><attrtype Sync="TRUE">String</attrtype><attwidth Sync="TRUE">10</attwidth><atprecis Sync="TRUE">0</atprecis><attscale Sync="TRUE">0</attscale></attr><attr><attrlabl Sync="TRUE">MTFCC10</attrlabl><attalias Sync="TRUE">MTFCC10</attalias><attrtype Sync="TRUE">String</attrtype><attwidth Sync="TRUE">5</attwidth><atprecis Sync="TRUE">0</atprecis><attscale Sync="TRUE">0</attscale></attr><attr><attrlabl Sync="TRUE">UR10</attrlabl><attalias Sync="TRUE">UR10</attalias><attrtype Sync="TRUE">String</attrtype><attwidth Sync="TRUE">1</attwidth><atprecis Sync="TRUE">0</atprecis><attscale Sync="TRUE">0</attscale></attr><attr><attrlabl Sync="TRUE">UACE10</attrlabl><attalias Sync="TRUE">UACE10</attalias><attrtype Sync="TRUE">String</attrtype><attwidth Sync="TRUE">5</attwidth><atprecis Sync="TRUE">0</atprecis><attscale Sync="TRUE">0</attscale></attr><attr><attrlabl Sync="TRUE">FUNCSTAT10</attrlabl><attalias Sync="TRUE">FUNCSTAT10</attalias><attrtype Sync="TRUE">String</attrtype><attwidth Sync="TRUE">1</attwidth><atprecis Sync="TRUE">0</atprecis><attscale Sync="TRUE">0</attscale></attr><attr><attrlabl Sync="TRUE">ALAND10</attrlabl><attalias Sync="TRUE">ALAND10</attalias><attrtype Sync="TRUE">Double</attrtype><attwidth Sync="TRUE">19</attwidth><atprecis Sync="TRUE">0</atprecis><attscale Sync="TRUE">0</attscale></attr><attr><attrlabl Sync="TRUE">AWATER10</attrlabl><attalias Sync="TRUE">AWATER10</attalias><attrtype Sync="TRUE">Double</attrtype><attwidth Sync="TRUE">19</attwidth><atprecis Sync="TRUE">0</atprecis><attscale Sync="TRUE">0</attscale></attr><attr><attrlabl Sync="TRUE">INTPTLAT10</attrlabl><attalias Sync="TRUE">INTPTLAT10</attalias><attrtype Sync="TRUE">String</attrtype><attwidth Sync="TRUE">11</attwidth><atprecis Sync="TRUE">0</atprecis><attscale Sync="TRUE">0</attscale></attr><attr><attrlabl Sync="TRUE">INTPTLON10</attrlabl><attalias Sync="TRUE">INTPTLON10</attalias><attrtype Sync="TRUE">String</attrtype><attwidth Sync="TRUE">12</attwidth><atprecis Sync="TRUE">0</atprecis><attscale Sync="TRUE">0</attscale></attr><attr><attrlabl Sync="TRUE">FID_tl_202</attrlabl><attalias Sync="TRUE">FID_tl_202</attalias><attrtype Sync="TRUE">Integer</attrtype><attwidth Sync="TRUE">10</attwidth><atprecis Sync="TRUE">10</atprecis><attscale Sync="TRUE">0</attscale></attr><attr><attrlabl Sync="TRUE">STATEFP1_1</attrlabl><attalias Sync="TRUE">STATEFP1_1</attalias><attrtype Sync="TRUE">String</attrtype><attwidth Sync="TRUE">2</attwidth><atprecis Sync="TRUE">0</atprecis><attscale Sync="TRUE">0</attscale></attr><attr><attrlabl Sync="TRUE">COUNTYFP_1</attrlabl><attalias Sync="TRUE">COUNTYFP_1</attalias><attrtype Sync="TRUE">String</attrtype><attwidth Sync="TRUE">3</attwidth><atprecis Sync="TRUE">0</atprecis><attscale Sync="TRUE">0</attscale></attr><attr><attrlabl Sync="TRUE">VTDST10</attrlabl><attalias Sync="TRUE">VTDST10</attalias><attrtype Sync="TRUE">String</attrtype><attwidth Sync="TRUE">6</attwidth><atprecis Sync="TRUE">0</atprecis><attscale Sync="TRUE">0</attscale></attr><attr><attrlabl Sync="TRUE">GEOID10_1</attrlabl><attalias Sync="TRUE">GEOID10_1</attalias><attrtype Sync="TRUE">String</attrtype><attwidth Sync="TRUE">11</attwidth><atprecis Sync="TRUE">0</atprecis><attscale Sync="TRUE">0</attscale></attr><attr><attrlabl Sync="TRUE">VTDI10</attrlabl><attalias Sync="TRUE">VTDI10</attalias><attrtype Sync="TRUE">String</attrtype><attwidth Sync="TRUE">1</attwidth><atprecis Sync="TRUE">0</atprecis><attscale Sync="TRUE">0</attscale></attr><attr><attrlabl Sync="TRUE">NAME10_1</attrlabl><attalias Sync="TRUE">NAME10_1</attalias><attrtype Sync="TRUE">String</attrtype><attwidth Sync="TRUE">100</attwidth><atprecis Sync="TRUE">0</atprecis><attscale Sync="TRUE">0</attscale></attr><attr><attrlabl Sync="TRUE">NAMELSAD10</attrlabl><attalias Sync="TRUE">NAMELSAD10</attalias><attrtype Sync="TRUE">String</attrtype><attwidth Sync="TRUE">100</attwidth><atprecis Sync="TRUE">0</atprecis><attscale Sync="TRUE">0</attscale></attr><attr><attrlabl Sync="TRUE">LSAD10</attrlabl><attalias Sync="TRUE">LSAD10</attalias><attrtype Sync="TRUE">String</attrtype><attwidth Sync="TRUE">2</attwidth><atprecis Sync="TRUE">0</atprecis><attscale Sync="TRUE">0</attscale></attr><attr><attrlabl Sync="TRUE">MTFCC10_1</attrlabl><attalias Sync="TRUE">MTFCC10_1</attalias><attrtype Sync="TRUE">String</attrtype><attwidth Sync="TRUE">5</attwidth><atprecis Sync="TRUE">0</atprecis><attscale Sync="TRUE">0</attscale></attr><attr><attrlabl Sync="TRUE">FUNCSTAT_1</attrlabl><attalias Sync="TRUE">FUNCSTAT_1</attalias><attrtype Sync="TRUE">String</attrtype><attwidth Sync="TRUE">1</attwidth><atprecis Sync="TRUE">0</atprecis><attscale Sync="TRUE">0</attscale></attr><attr><attrlabl Sync="TRUE">ALAND10_1</attrlabl><attalias Sync="TRUE">ALAND10_1</attalias><attrtype Sync="TRUE">Double</attrtype><attwidth Sync="TRUE">19</attwidth><atprecis Sync="TRUE">0</atprecis><attscale Sync="TRUE">0</attscale></attr><attr><attrlabl Sync="TRUE">AWATER10_1</attrlabl><attalias Sync="TRUE">AWATER10_1</attalias><attrtype Sync="TRUE">Double</attrtype><attwidth Sync="TRUE">19</attwidth><atprecis Sync="TRUE">0</atprecis><attscale Sync="TRUE">0</attscale></attr><attr><attrlabl Sync="TRUE">INTPTLAT_1</attrlabl><attalias Sync="TRUE">INTPTLAT_1</attalias><attrtype Sync="TRUE">String</attrtype><attwidth Sync="TRUE">11</attwidth><atprecis Sync="TRUE">0</atprecis><attscale Sync="TRUE">0</attscale></attr><attr><attrlabl Sync="TRUE">INTPTLON_1</attrlabl><attalias Sync="TRUE">INTPTLON_1</attalias><attrtype Sync="TRUE">String</attrtype><attwidth Sync="TRUE">12</attwidth><atprecis Sync="TRUE">0</atprecis><attscale Sync="TRUE">0</attscale></attr><attr><attrlabl Sync="TRUE">CombndPCT</attrlabl><attalias Sync="TRUE">CombndPCT</attalias><attrtype Sync="TRUE">String</attrtype><attwidth Sync="TRUE">100</attwidth><atprecis Sync="TRUE">0</atprecis><attscale Sync="TRUE">0</attscale></attr><attr><attrlabl Sync="TRUE">Shape_Leng</attrlabl><attalias Sync="TRUE">Shape_Leng</attalias><attrtype Sync="TRUE">Double</attrtype><attwidth Sync="TRUE">19</attwidth><atprecis Sync="TRUE">0</atprecis><attscale Sync="TRUE">0</attscale></attr><attr><attrlabl Sync="TRUE">Shape_Area</attrlabl><attalias Sync="TRUE">Shape_Area</attalias><attrtype Sync="TRUE">Double</attrtype><attwidth Sync="TRUE">19</attwidth><atprecis Sync="TRUE">0</atprecis><attscale Sync="TRUE">0</attscale><attrdef Sync="TRUE">Area of feature in internal units squared.</attrdef><attrdefs Sync="TRUE">Esri</attrdefs><attrdomv><udom Sync="TRUE">Positive real numbers that are automatically generated.</udom></attrdomv></attr><attr><attrlabl Sync="TRUE">created_us</attrlabl><attalias Sync="TRUE">created_us</attalias><attrtype Sync="TRUE">String</attrtype><attwidth Sync="TRUE">254</attwidth><atprecis Sync="TRUE">0</atprecis><attscale Sync="TRUE">0</attscale></attr><attr><attrlabl Sync="TRUE">created_da</attrlabl><attalias Sync="TRUE">created_da</attalias><attrtype Sync="TRUE">Date</attrtype><attwidth Sync="TRUE">8</attwidth><atprecis Sync="TRUE">0</atprecis><attscale Sync="TRUE">0</attscale></attr><attr><attrlabl Sync="TRUE">last_edite</attrlabl><attalias Sync="TRUE">last_edite</attalias><attrtype Sync="TRUE">String</attrtype><attwidth Sync="TRUE">254</attwidth><atprecis Sync="TRUE">0</atprecis><attscale Sync="TRUE">0</attscale></attr><attr><attrlabl Sync="TRUE">last_edi_1</attrlabl><attalias Sync="TRUE">last_edi_1</attalias><attrtype Sync="TRUE">Date</attrtype><attwidth Sync="TRUE">8</attwidth><atprecis Sync="TRUE">0</atprecis><attscale Sync="TRUE">0</attscale></attr></detailed></eainfo><mdDateSt Sync="TRUE">20160810</mdDateSt></metadata>
