<?xml version="1.0" encoding="UTF-8"?>
<metadata xml:lang="en"><Esri><CreaDate>20140530</CreaDate><CreaTime>16375900</CreaTime><ArcGISFormat>1.0</ArcGISFormat><SyncOnce>TRUE</SyncOnce><DataProperties><lineage><Process ToolSource="c:\program files (x86)\arcgis\desktop10.2\ArcToolbox\Toolboxes\Data Management Tools.tbx\CalculateField" Date="20140423" Time="163003">CalculateField HIG_20140414_6906_Census_Blocks CombndPCT 21 VB #</Process><Process ToolSource="c:\program files (x86)\arcgis\desktop10.2\ArcToolbox\Toolboxes\Data Management Tools.tbx\CalculateField" Date="20140423" Time="163142">CalculateField HIG_20140414_6906_Census_Blocks CombndPCT 21 VB #</Process><Process ToolSource="c:\program files (x86)\arcgis\desktop10.2\ArcToolbox\Toolboxes\Data Management Tools.tbx\CalculateField" Date="20140423" Time="165235">CalculateField HIG_20140414_6906_Census_Blocks CombndPCT 21 VB #</Process><Process ToolSource="c:\program files (x86)\arcgis\desktop10.2\ArcToolbox\Toolboxes\Data Management Tools.tbx\CalculateField" Date="20140424" Time="170138">CalculateField HIG_20140414_6906_Census_Blocks CombndPCT 2 VB #</Process></lineage></DataProperties></Esri></metadata>
