<?xml version="1.0" encoding="UTF-8"?>
<metadata xml:lang="en"><Esri><CreaDate>20120615</CreaDate><CreaTime>14243000</CreaTime><ArcGISFormat>1.0</ArcGISFormat><SyncOnce>TRUE</SyncOnce><DataProperties><itemProps><itemLocation><linkage Sync="TRUE">file://\\GIS_WORKSTN2\C$\GIS Files\Wakulla Supervisor of Elections Data\Shapefiles\Voting Precincts\Voting_Precincts</linkage><protocol Sync="TRUE">Local Area Network</protocol></itemLocation></itemProps><copyHistory><copy source="C:\GIS Files\Wakulla Supervisor of Elections Data\Shapefiles\Voting_Precincts" dest="\\GIS_WORKSTN2\C$\GIS Files\Wakulla Supervisor of Elections Data\Shapefiles\Voting Precincts\Voting_Precincts" date="20120615" time="14243000"></copy></copyHistory></DataProperties></Esri></metadata>
